code,name_cz,lat,lon,area_km2,join_date,leave_date
BE,Belgie,50.64,4.66,30528,1958-01-01,
DE,Německo,51.16,10.45,357588,1958-01-01,
FR,Francie,46.56,2.55,543940,1958-01-01,
IT,Itálie,42.50,12.60,302068,1958-01-01,
LU,Lucembursko,49.78,6.10,2586,1958-01-01,
NL,Nizozemsko,52.20,5.60,41543,1958-01-01,
DK,Dánsko,55.96,10.05,42933,1973-01-01,
IE,Irsko,53.18,-8.14,69825,1973-01-01,
UK,Spojené království,54.00,-2.50,248528,1973-01-01,2020-01-31
EL,Řecko,39.07,22.00,131957,1981-01-01,
ES,Španělsko,40.40,-3.70,505983,1986-01-01,
PT,Portugalsko,39.56,-7.85,92226,1986-01-01,
AT,Rakousko,47.59,14.14,83879,1995-01-01,
FI,Finsko,64.50,26.27,338440,1995-01-01,
SE,Švédsko,62.40,16.30,447430,1995-01-01,
CY,Kypr,35.05,33.22,9251,2004-05-01,
CZ,Česko,49.74,15.33,78871,2004-05-01,
EE,Estonsko,58.67,25.54,45339,2004-05-01,
HU,Maďarsko,47.16,19.40,93011,2004-05-01,
LV,Lotyšsko,56.88,24.60,64594,2004-05-01,
LT,Litva,55.17,23.88,65286,2004-05-01,
MT,Malta,35.92,14.41,316,2004-05-01,
PL,Polsko,52.13,19.40,312696,2004-05-01,
SK,Slovensko,48.67,19.70,49035,2004-05-01,
SI,Slovinsko,46.15,14.99,20273,2004-05-01,
BG,Bulharsko,42.77,25.23,110994,2007-01-01,
RO,Rumunsko,45.94,24.97,238398,2007-01-01,
HR,Chorvatsko,45.08,15.20,56594,2013-07-01,
