code,t1999,t2004,t2009,t2014,t2020,t2024
BE,25,24,22,21,21,22
DE,99,99,99,96,96,96
FR,87,78,72,74,79,81
IT,87,78,72,73,76,76
LU,6,6,6,6,6,6
NL,31,27,25,26,29,31
DK,16,14,13,13,14,15
IE,15,13,12,11,13,14
UK,87,78,72,73,0,0
EL,25,24,22,21,21,21
ES,64,54,50,54,59,61
PT,25,24,22,21,21,21
AT,21,18,17,18,19,20
FI,16,14,13,13,14,15
SE,22,19,18,20,21,21
CY,0,6,6,6,6,6
CZ,0,24,22,21,21,21
EE,0,6,6,6,7,7
HU,0,24,22,21,21,21
LV,0,9,8,8,8,9
LT,0,13,12,11,11,11
MT,0,5,5,6,6,6
PL,0,54,50,51,52,53
SK,0,14,13,13,14,15
SI,0,7,7,8,8,9
BG,0,18,17,17,17,17
RO,0,35,33,32,33,33
HR,0,0,12,11,12,12
