year,net_payers_lat,net_payers_lon,net_receivers_lat,net_receivers_lon,distance_km,redistribution_eur_bn
2000,52.3926160502205,7.46774916969094,42.8920709236628,4.81101738931961,1074.80243193066,15.2385981394884
2001,50.4185940120895,9.20660713311683,42.335094419146,3.03749323211912,1014.9796601267,16.0923138361446
2002,50.2057745642502,7.36302411071202,41.7431716948758,0.614835486185787,1074.79292814338,16.4919630793364
2003,51.4284923999107,7.39038537537153,41.6568025081633,0.229824288510002,1215.38928048047,17.0985706747983
2004,50.4464158432801,7.54143775628242,43.3440300001678,3.81848178826984,838.604583539723,20.3866329914795
2005,50.4354089702556,7.70732151225673,44.0740331778609,6.40312577056365,714.136772923188,17.5015750093972
2006,50.9358641510728,7.37550793135305,44.952288015897,10.2875877463545,699.659476506354,18.4717874966486
2007,51.1706523767984,6.8500192247447,45.9070536546793,12.5685961599815,720.507879970594,22.798146673011
2008,50.1274861478508,8.85055917434601,45.5977632578132,13.9036197476378,628.811825883909,23.68247814528
2009,48.9005305559295,7.76762362780691,47.8962345977552,16.2943016658667,638.974234724152,23.0072226794373
2010,50.35513654472,6.92966973777077,47.6402304765708,13.6094610167542,572.91971960674,31.063531938973
2011,50.1747557680535,7.26291528282927,47.6212518667996,15.0733214973498,637.210652721301,34.1848068237402
2012,50.6399410508186,6.89740220405398,47.6096468473477,13.618743931849,593.561786967775,41.4216750214376
2013,51.0730435245818,6.62751533212011,47.483893244422,15.5337024834704,758.624742830694,44.3411307120666
2014,50.8935787779003,7.74431096424876,47.8049442576403,17.6143335920994,792.315486348469,43.4504573997477
2015,51.7629393269549,6.06490834675831,47.258747178874,16.8039305867533,921.634203745486,43.5197093837263
2016,50.2336559081935,6.30120688372363,47.2035741159543,18.0684492452264,925.428398445503,34.5033749119527
2017,50.7762710755793,7.22944281842557,47.7013428584874,17.5750835210018,824.309930193914,29.7621860477586
2018,50.7397828002746,7.2880712691418,48.1088147516062,16.6546444078731,737.24610365626,39.4727266985451
2019,50.8046652079385,7.15095108544656,48.2313569635735,17.7681113133024,817.206557794286,39.7628901667873
2020,50.1394285247056,8.96030906633421,47.7873631371208,17.2569641263413,659.273188029016,47.8591474448614
2021,50.9233058221352,8.3030631566918,47.619348642119,16.2367709684268,682.295866672801,45.5784362209586
2022,50.3083224299216,8.45237389268969,48.0054944800234,17.7828518396537,724.609011607121,42.6888453915131
2023,50.1281714404405,8.36208521376851,47.7376500830799,18.6373577849643,795.478516582614,40.1309126567803
2024,50.5105051816139,8.59594653874537,46.9657729419566,16.3765167860444,692.908896238383,24.327338805609
2025,49.9590509817268,8.33854580511885,47.7574976194498,19.2479978715108,833.925113150716,31.3464370940824
