year,states_lat,states_lon,area_lat,area_lon,population_lat,population_lon,ep_seats_lat,ep_seats_lon,gdp_eur_lat,gdp_eur_lon,gdp_pps_lat,gdp_pps_lon,military_lat,military_lon,debt_lat,debt_lon,council_votes_lat,council_votes_lon
2000,50.3704946832049,6.6616493715982,50.6645648099142,6.89707312101474,48.4827321032259,5.57008520958379,48.7646161548935,5.67851881648211,49.5444396509422,5.65515040967888,48.8645151720433,5.85123886287692,49.4680207849203,5.09201775264751,48.2460351757171,7.18227972380013,48.9969811568273,5.91772495636053
2001,50.3704946832049,6.6616493715982,50.6645648099142,6.89707312101474,48.4807717050516,5.55805976576804,48.7646161548935,5.67851881648211,49.4568875348702,5.63112569625112,48.8413005223059,5.79690210779326,49.4567627856656,4.98153417891841,48.1165962519491,7.30400192270032,48.9969811568273,5.91772495636053
2002,50.3704946832049,6.6616493715982,50.6645648099142,6.89707312101474,48.477448617435,5.54230136837732,48.7646161548935,5.67851881648211,49.4254814747783,5.58433191314326,48.8234944274587,5.73122052049911,49.4885910617328,4.95026985859728,48.1351390911926,7.25205777513436,48.9969811568273,5.91772495636053
2003,50.3704946832049,6.6616493715982,50.6645648099142,6.89707312101474,48.4634679375433,5.51607848507909,48.7646161548935,5.67851881648211,49.3204295467422,5.64028348787023,48.831646814519,5.70641293426253,49.4676366163347,4.94032626625492,48.135310924899,7.27727797795958,48.9969811568273,5.91772495636053
2004,49.9220910512379,12.5074489576592,50.9843528165263,9.3262582799675,48.9526189088095,7.62655411742825,49.233153938928,8.84168739436292,49.3835055447815,6.18445170700062,49.078449850565,6.81501160410198,49.4622866160149,5.49105220690799,48.2533071247981,7.57378729799807,49.2210782854414,9.29021993528025
2005,49.9220910512379,12.5074489576592,50.9843528165263,9.3262582799675,48.9362654086248,7.59355341029749,49.233153938928,8.84168739436292,49.376720167132,6.15056208089777,49.041963954515,6.74340666418898,49.464221859142,5.54541427727026,48.2382274023578,7.56190396725299,49.2210782854414,9.29021993528025
2006,49.9220910512379,12.5074489576592,50.9843528165263,9.3262582799675,48.9237563298728,7.55846719204205,49.233153938928,8.84168739436292,49.382578168508,6.14428872027701,49.0090658418379,6.72586219148775,49.4856962234163,5.50317574203812,48.2393782129464,7.59404904112885,49.2210782854414,9.29021993528025
2007,49.5559125514639,13.5439676316603,50.5768094192805,10.7474750104894,48.7670478975246,8.60504734046818,49.0125019672858,10.0233308966273,49.3634624167126,6.4367916724649,48.9613443581843,7.25117280002996,49.5070348377979,5.7708502580102,48.2303161896108,7.58459133533699,48.9730937934746,10.4819018490938
2008,49.5559125514639,13.5439676316603,50.5768094192805,10.7474750104894,48.7562398022928,8.54722688214698,49.0125019672858,10.0233308966273,49.2373514986701,6.73471006258536,48.9577676680829,7.38922093932453,49.2946230504967,6.09259842874097,48.1988262202146,7.41554697191481,48.9730937934746,10.4819018490938
2009,49.5559125514639,13.5439676316603,50.5768094192805,10.7474750104894,48.7493236700163,8.51245738154123,49.0310564710858,10.0808389614595,49.0940538737051,6.76297502319565,48.9292062147516,7.42915330911015,49.1628203231175,6.1070782466873,48.158534084442,7.21873448830086,48.9730937934746,10.4819018490938
2010,49.5559125514639,13.5439676316603,50.5768094192805,10.7474750104894,48.7475893740309,8.48473850147366,49.0310564710858,10.0808389614595,49.2351846474097,6.78878166239623,49.0245593166624,7.45650833806915,49.3632156345235,5.96165969953551,48.3860610412326,7.03513008567789,48.9730937934746,10.4819018490938
2011,49.5559125514639,13.5439676316603,50.5768094192805,10.7474750104894,48.741567204345,8.45440292630988,49.0310564710858,10.0808389614595,49.3234859313032,6.86419336281221,49.091821798505,7.54955216578717,49.4483425545059,5.95233805861384,48.3880710471419,6.80230698239353,48.9730937934746,10.4819018490938
2012,49.5559125514639,13.5439676316603,50.5768094192805,10.7474750104894,48.7461537302041,8.43160401528245,49.0310564710858,10.0808389614595,49.4800946604431,6.77409614826849,49.1598885538238,7.56423260851016,49.6190599300916,5.8007408409685,48.438392134181,6.44649650275534,48.9730937934746,10.4819018490938
2013,49.3941313913945,13.609144446655,50.5059970560065,10.8122898256555,48.7274614249661,8.47702049966659,48.9689012299217,10.1701217413387,49.5033157800182,6.82465016251711,49.1776204082889,7.547099730216,49.6334600106651,5.96266387631568,48.3309593850791,6.4394046821237,48.8967454933547,10.5839011715534
2014,49.3941313913945,13.609144446655,50.5059970560065,10.8122898256555,48.7406138238483,8.4599831059189,48.9470822077867,10.0619894942519,49.5832674696328,6.72587174617127,49.2135173894676,7.53948950245623,49.7519862611442,5.86780278232321,48.3882260072309,6.29637838514826,48.7406138238483,8.4599831059189
2015,49.3941313913945,13.609144446655,50.5059970560065,10.8122898256555,48.7563545669038,8.4420600301232,48.9470822077867,10.0619894942519,49.6965690463565,6.52162106690705,49.253813653007,7.47326128105928,49.8230084438685,5.81917551274672,48.5065107636602,6.10591313762623,48.7563545669038,8.4420600301232
2016,49.3941313913945,13.609144446655,50.5059970560065,10.8122898256555,48.7752760004997,8.42143410953755,48.9470822077867,10.0619894942519,49.6125698139651,6.67806635482849,49.2198488924157,7.51329765900468,49.6450982835909,6.18998340028903,48.3603180197531,6.21336890136191,48.7752760004997,8.42143410953755
2017,49.3941313913945,13.609144446655,50.5059970560065,10.8122898256555,48.7893416682067,8.39942907971495,48.9470822077867,10.0619894942519,49.5834968351932,6.79213742348196,49.229857600316,7.53981278355462,49.5289703047515,6.41906600602554,48.2522208074753,6.24016643746774,48.7893416682067,8.39942907971495
2018,49.3941313913945,13.609144446655,50.5059970560065,10.8122898256555,48.8008099562641,8.37478032812812,48.9470822077867,10.0619894942519,49.5752102080183,6.81054946275425,49.2412739167402,7.59021277571583,49.5302613994587,6.56820709682673,48.194468988338,6.21825000129538,48.8008099562641,8.37478032812812
2019,49.3941313913945,13.609144446655,50.5059970560065,10.8122898256555,48.8086545508512,8.34698840754383,48.9470822077867,10.0619894942519,49.5957007530415,6.8050924459801,49.2192542677572,7.61583649813023,49.6245068699934,6.70045016246803,48.1913334345934,6.16905132465116,48.8086545508512,8.34698840754383
2020,49.182018573492,14.1469677315788,50.2475574830331,11.5533968397813,47.9521168613845,9.74596300409603,48.3455962019559,11.0973834366113,48.8914149474768,8.36394812095888,48.5839101107408,9.13344184955827,48.3563928140899,9.0050855143659,47.104961381395,7.65668084767541,47.9521168613845,9.74596300409603
2021,49.182018573492,14.1469677315788,50.2475574830331,11.5533968397813,47.9501463907699,9.70468016335718,48.3455962019559,11.0973834366113,48.885322655001,8.35077647389526,48.5464473807541,9.08708541275679,48.2637771787195,9.03384997124391,47.1005985836357,7.64928439941535,47.9501463907699,9.70468016335718
2022,49.182018573492,14.1469677315788,50.2475574830331,11.5533968397813,47.9569727311751,9.67452128736002,48.3455962019559,11.0973834366113,48.8610485858836,8.35904941745909,48.4860419228174,9.01997554535157,48.3550420722682,9.2088133320858,47.0778704283284,7.65032959451948,47.9569727311751,9.67452128736002
2023,49.182018573492,14.1469677315788,50.2475574830331,11.5533968397813,47.9566704501187,9.64359968423419,48.3455962019559,11.0973834366113,48.7643979768196,8.41998442066604,48.3922936243518,8.98256530841698,48.7603266522205,9.44084990351407,47.0854873207716,7.72631130653206,47.9566704501187,9.64359968423419
2024,49.182018573492,14.1469677315788,50.2475574830331,11.5533968397813,47.9531767976931,9.61056914535352,48.3951447668559,11.0392757585546,48.7652717217906,8.42191823369875,48.3939173653943,8.96713594103795,49.1980075634251,9.9303856982013,47.126183891821,7.79083778922283,47.9531767976931,9.61056914535352
2025,49.182018573492,14.1469677315788,50.2475574830331,11.5533968397813,47.9479891682693,9.57817970251127,48.3951447668559,11.0392757585546,48.7833545843381,8.44298646411554,48.4045852332886,8.95739243535125,NaN,NaN,47.1908812401383,7.89142133879207,47.9479891682693,9.57817970251127
