year,political_lat,political_lon,economic_lat,economic_lon,balanced_lat,balanced_lon,balanced_geom_lat,balanced_geom_lon,entropy_lat,entropy_lon,pca_lat,pca_lon,population_median_lat,population_median_lon,balanced_median_lat,balanced_median_lon
2000,49.3390957077245,6.06306148803465,49.2045843451628,5.75384983279686,49.0086495871187,5.7940167643901,48.9181889077018,5.73526033814755,49.0929480415757,5.98902159587199,49.0487444342255,5.92597580368623,49.1954018638595,5.90403578393649,49.779999886849,6.0999992866213
2001,49.3390957077245,6.06306148803465,49.1491802127899,5.71451361890028,48.9895098550931,5.77685429338254,48.8959619235889,5.71524770499907,49.048177213685,5.97914876151698,49.0111562959858,5.91442535826087,49.1861066270334,5.88116192642839,49.7799997901222,6.0999993285793
2002,49.3390957077245,6.06306148803465,49.1245606822952,5.65820995391767,48.9802004071174,5.7527863673127,48.8840859933821,5.69185749988911,49.0495238386654,5.94351469352748,49.0102703047173,5.88220345447398,49.1753920094538,5.85568954741624,49.7799997218713,6.09999904532736
2003,49.3390957077245,6.06306148803465,49.0760779090988,5.67350615422995,48.9593601374656,5.74899820193468,48.8615557101221,5.68816358692911,49.0277379621955,5.94829651086474,48.9902099587567,5.88486040688835,49.1471000102223,5.81290767373688,49.7799995656739,6.09999903177444
2004,49.445020438165,10.1075601650342,49.2314371307519,6.500642170122,49.2191463018688,8.07128345412717,49.1627124641343,7.59964357517384,49.2310428226942,7.1086321982045,49.2363134165681,7.29247585400525,50.1135922494273,8.88344187871432,50.2458972225765,8.93746639374426
2005,49.445020438165,10.1075601650342,49.209751674798,6.4479341489425,49.2067312496919,8.04236257123972,49.1567635804818,7.59166969098995,49.2196650075215,7.09593633038138,49.2249887526507,7.27681326724484,50.0775017082611,8.81569138322573,50.2149750746445,8.8720246877778
2006,49.445020438165,10.1075601650342,49.1962234565442,6.43611660732432,49.1981409874887,8.02651073986337,49.152240890415,7.58912029006834,49.2184857011883,7.08612514305838,49.222133008084,7.26637588038242,50.0454824641944,8.74832782966303,50.2005471019627,8.84079235889921
2007,49.1690957173766,11.2526457978361,49.1631732244112,6.84552608155917,49.0471226686055,8.89662395515269,49.0335200240063,8.44805042067283,49.1372366453476,7.62656140006016,49.1239160964743,7.9018439346829,50.083978615268,9.4454338654791,50.2318039867348,9.46404785476948
2008,49.1690957173766,11.2526457978361,49.098060249366,7.06279789050007,49.0205992812114,8.94876315434183,49.0134111106805,8.5337340456731,49.0669142928767,7.71301817199093,49.0655555364628,7.97943598877118,50.048166147399,9.3803073198221,50.2194124322801,9.50319788586994
2009,49.1744879806792,11.270091208853,49.0121344522423,7.09651442274946,48.9913701692538,8.95291628669758,48.981338321528,8.52115005072401,49.0070308635337,7.68543470237106,49.0160910278218,7.96480277436016,50.0198752913035,9.33153877744411,50.1967368981109,9.49620568067002
2010,49.1744879806792,11.270091208853,49.1303798219709,7.12327008289901,49.0301754130953,8.95396617112208,49.0222329787741,8.52598648616583,49.1264429865816,7.62863862296786,49.1151469599345,7.92289722903609,49.9999793492997,9.28954249030347,50.2390364598694,9.52355935742464
2011,49.1744879806792,11.270091208853,49.2081862555208,7.20760006642432,49.0537650453252,8.9727399249074,49.052952006351,8.55188608102742,49.1667186851381,7.60387805657747,49.1511255323882,7.90939554437991,49.9505812077937,9.21204290624648,50.263013620238,9.55126899941069
2012,49.1744879806792,11.270091208853,49.3207036403502,7.17035317050055,49.0931031377946,8.95401465002746,49.0949553236334,8.53885253613126,49.2461213601147,7.49140945376802,49.2197210808467,7.82157488197406,49.9455059816115,9.18476349281059,50.2965360411018,9.55304896066365
2013,49.0767040009371,11.3588267755721,49.3410680194359,7.18698798696368,49.061614826156,9.00610562794668,49.0738173586906,8.59725121781533,49.2204159232116,7.54544945830389,49.1938522629853,7.87594017973323,49.9014479082262,9.21452264637646,50.2416043616421,9.58050213938207
2014,49.0178881604126,10.4685061184411,49.3991529018498,7.13410891958348,49.0608345408247,8.68892531291491,49.0628471469566,8.33705029058943,49.2729813326477,7.47340158547833,49.2362896137424,7.80665897143552,49.9059719629087,9.19561484163812,50.2388773806063,9.39601786451103
2015,49.0243209456932,10.4615235641105,49.476228420615,6.99946029768144,49.0945384520043,8.63676674554376,49.0940989884215,8.29230687786002,49.3366828615744,7.38256589345695,49.290870108869,7.72838161838571,49.9206687629246,9.18702179109047,50.2560560454398,9.36751066232696
2016,49.032047824161,10.4535010425703,49.4170136526422,7.09724149603596,49.0831691199069,8.6588756664777,49.0839735885853,8.31184838639501,49.2572420805875,7.49973331633643,49.2272530635508,7.82227016156552,49.9493204308369,9.19150379184302,50.2680702141271,9.40825881961791
2017,49.0378409989828,10.4448621372123,49.4073273452308,7.16722097992521,49.0862127391874,8.67169462861118,49.088825877484,8.33666084953049,49.2123282310758,7.56628371559965,49.1933434419899,7.87605847283772,49.9619107519028,9.17978860137234,50.2858919467826,9.43961853215281
2018,49.0426132899685,10.4351207138491,49.4089430167022,7.20160024658793,49.0919870470479,8.67156968773721,49.095536303011,8.34856886958302,49.2030183347719,7.59671846268649,49.187160408333,7.90074103387898,49.9700517515239,9.16251318193412,50.2944480437069,9.44737343517763
2019,49.0459573887793,10.4240587136151,49.408240089635,7.211902236162,49.0954029524605,8.66196409956288,49.0992201083824,8.35082135518522,49.2212642328517,7.61126460913857,49.2011139915165,7.91152529011346,49.9723405672475,9.13882366172988,50.2875765384634,9.4298500831415
2020,48.4524730508148,11.4486519330237,48.7383346732416,8.74979238755686,48.3864062485961,9.9813325197008,48.3867580790912,9.72709378472764,48.3745377452005,9.14660413851679,48.3976097163954,9.37992082184238,49.3037266731156,10.1608915908145,49.865218505102,10.2322678541077
2021,48.4519336392219,11.4319238194842,48.7165104908074,8.72008607929025,48.3783366096328,9.95190683765556,48.3779616301346,9.70777673075006,48.349367245679,9.13590014127536,48.3764520892579,9.36699684979083,49.29875273319,10.1188049737485,49.8374921609973,10.2099604590547
2022,48.4548537715234,11.4198100677932,48.6740638632026,8.69066123572172,48.3674816387694,9.92765173577074,48.3650852116786,9.69396932207233,48.350170108261,9.15632055268659,48.3740826493536,9.3782294668143,49.3060315273842,10.0930477153798,49.8228212310798,10.2006641572691
2023,48.4549272140274,11.4073071988567,48.5787423369892,8.70222853356052,48.3355178878411,9.91617710366996,48.3354051303228,9.69062291304463,48.3982144771092,9.21476296826363,48.4037591706956,9.42120864808185,49.2990917512169,10.0727976539829,49.772230513588,10.1927875547443
2024,48.468658463657,11.3765213349832,48.5799696367898,8.69545009906578,48.3392422715939,9.8925106243777,48.3374538609318,9.67427232382421,48.4923155471766,9.30789750711607,48.4802772863852,9.48412230868882,49.2949547225305,10.0470788922033,49.7720907537191,10.180920554565
2025,48.4667848627578,11.3633507220042,48.5943071492975,8.70108449045681,48.3416225576176,9.87927128294666,48.3394410100412,9.66835526120497,NaN,NaN,NaN,NaN,49.2863621095664,10.0212770800818,49.7763580418012,10.1788803522495
