year,politicky_lat,politicky_lon,ekonomicky_lat,ekonomicky_lon,vyvazeny_lat,vyvazeny_lon,vyvazeny_geom_lat,vyvazeny_geom_lon,entropie_lat,entropie_lon,pca_lat,pca_lon,populace_median_lat,populace_median_lon,vyvazeny_median_lat,vyvazeny_median_lon
2000,49.3787049806489,6.08345332643002,49.2045843451628,5.75384983279686,49.0218249354599,5.80066859135169,48.9282331785191,5.73967635248275,49.2323411455392,5.88550397251609,49.1310566898499,5.86501093861976,49.1954018638595,5.90403578393649,49.7800000350006,6.09999952906329
2001,49.3501387076026,6.06844795858001,49.1491802127899,5.71451361890028,48.9931792172755,5.7786057957544,48.8975069455127,5.71656315190773,49.2006766335378,5.86241577788196,49.0989613243049,5.84234348375453,49.1861066270334,5.88116192642839,49.7799998373063,6.09999931760906
2002,49.3564881648609,6.06116274158722,49.1245606822952,5.65820995391767,48.9859736235564,5.75211705380867,48.8876475322313,5.69019934449257,49.1890829576885,5.83146232864109,49.0925506273456,5.81637309111595,49.1753920094538,5.85568954741624,49.7799997618991,6.09999902784771
2003,49.353498918167,6.07883002311813,49.0760779090988,5.67350615422995,48.9641545420591,5.75416246469369,48.8642311929238,5.69165580000189,49.1613259705549,5.83672690722243,49.0720662150155,5.82423833416748,49.1471000102223,5.81290767373688,49.7799994416867,6.09999866960786
2004,49.4822937001796,10.153832275272,49.2314371307519,6.500642170122,49.2317978616124,8.08602794044655,49.1739278268008,7.61110575132448,49.455031970067,7.56717125186175,49.3920490475685,7.94401744846675,50.1135922494273,8.88344187871432,50.257581304145,8.95710555247839
2005,49.4644152288924,10.1879795963894,49.209751674798,6.4479341489425,49.2136464874509,8.06859547576902,49.1633898908607,7.61012576747552,49.4394778101794,7.54047109259768,49.3740564669126,7.93418563189068,50.0775017082611,8.81569138322573,50.223382623385,8.89540660153072
2006,49.4700839152668,10.1712789861665,49.1962234565442,6.43611660732432,49.2068434746029,8.04715049067219,49.1603763105961,7.60281718950539,49.4317752418584,7.52512808317313,49.369294091393,7.91600655665288,50.0454824641944,8.74832782966303,50.2099360354518,8.85841635530758
2007,49.1694851327031,11.3628741052199,49.1631732244112,6.84552608155917,49.0480014657005,8.93304418968227,49.0380709678925,8.47695394121382,49.2853561667425,8.35392310111488,49.195151134436,8.85287382804669,50.083978615268,9.4454338654791,50.237040957069,9.4875808950515
2008,49.2032541309554,11.3897901548778,49.098060249366,7.06279789050007,49.0328659533052,8.99353914485465,49.0272817941031,8.56817459064696,49.2543003031282,8.45012043210128,49.1845110482384,8.928224950937,50.048166147399,9.3803073198221,50.2361537991495,9.53527531061564
2009,49.211322714769,11.409774541713,49.0121344522423,7.09651442274946,49.0045506488946,8.99849378341942,48.9933835512902,8.55853102540518,49.2129046008248,8.46417849849468,49.157956240797,8.94404537277648,50.0198752913035,9.33153877744411,50.2134009168836,9.53314400113055
2010,49.1905751212073,11.3714467562413,49.1303798219709,7.12327008289901,49.0361986575753,8.98721518815796,49.0290878249948,8.55197345204441,49.2660331463658,8.4673169616976,49.1894701269838,8.93353549633974,49.9999793492997,9.28954249030347,50.2462581360955,9.54536260886252
2011,49.1899868456815,11.4026678641625,49.2081862555208,7.20760006642432,49.0597998869121,9.01634910156693,49.0601595756845,8.58720188260353,49.3016154634455,8.50644557187212,49.2152334214907,8.97220588610373,49.9505812077937,9.21204290624648,50.2714698243292,9.5804421514771
2012,49.1792211283257,11.3593647740454,49.3207036403502,7.17035317050055,49.0952718037913,8.98344807880316,49.0985755097788,8.56214995230355,49.355658710442,8.47788287368747,49.2504109872138,8.93790603686059,49.9455059816115,9.18476349281059,50.3012550373808,9.57031107165256
2013,49.0924707441618,11.5208695880474,49.3410680194359,7.18698798696368,49.0679728577757,9.05957561236478,49.0829675470923,8.6389683518237,49.3418397518074,8.53318242190775,49.2276926266608,9.02601659650302,49.9014479082262,9.21452264637646,50.2515626090774,9.60976710394998
2014,49.1554454795861,11.4697198148332,49.3991529018498,7.13410891958348,49.1126424128243,9.01902266636669,49.1336445258824,8.57802332558671,49.380437874668,8.48906812608666,49.2765742360414,8.9761792246855,49.9059719629087,9.19561484163812,50.3045601999091,9.60215901237474
2015,49.1440764053525,11.4867926923694,49.476228420615,6.99946029768144,49.1407446154321,8.9752563899886,49.159439525971,8.53551894573137,49.4204461333226,8.42335816044805,49.30224286837,8.93498331015167,49.9206687629246,9.18702179109047,50.31802179837,9.57919814078446
2016,49.1645719720449,11.4839417951848,49.4170136526422,7.09724149603596,49.1335581572691,8.998777214032,49.1529660071813,8.5580226028834,49.3979359998258,8.46551458566648,49.2934680036861,8.96255678964858,49.9493204308369,9.19150379184302,50.3344354399447,9.62000399622568
2017,49.1556069802802,11.465606698015,49.4073273452308,7.16722097992521,49.131565071266,9.008656281165,49.1531694254998,8.58231437288788,49.3939710374208,8.4925710090612,49.288315083781,8.97483356648505,49.9619107519028,9.17978860137234,50.3467095110385,9.64384218729249
2018,49.1684930688211,11.4876477674327,49.4089430167022,7.20160024658793,49.1402311047507,9.01892425966853,49.1633261032674,8.59966150522159,49.3986288949474,8.50647096160794,49.2967302669455,8.99180986531161,49.9700517515239,9.16251318193412,50.3600304614923,9.65903718511878
2019,49.1704580492634,11.4688861353613,49.408240089635,7.211902236162,49.1431303256475,9.00680010685914,49.1656479245525,8.59955462392141,49.4006048419865,8.50247578508777,49.2984200180096,8.98216299566899,49.9723405672475,9.13882366172988,50.3521192894007,9.64058584706462
2020,48.6804186435543,12.2271291391088,48.7383346732416,8.74979238755686,48.4660137429836,10.2362428319358,48.4837878127181,9.90943117760623,48.7611374055376,9.78858238880887,48.6585340253923,10.1728266555627,49.3037266731156,10.1608915908145,49.8952552979133,10.352757902244
2021,48.6742347843183,12.220586551872,48.7165104908074,8.72008607929025,48.4561544410071,10.210208153722,48.4728709604096,9.89192461952544,48.7499577169336,9.76515599446762,48.647794809048,10.1517025888678,49.29875273319,10.1188049737485,49.8640230631174,10.3358473458076
2022,48.6703385641467,12.1978331559613,48.6740638632026,8.69066123572172,48.4429991437413,10.1824641353034,48.455799946038,9.87662924793316,48.731117360094,9.74214178966542,48.6322706013594,10.1253028085115,49.3060315273842,10.0930477153798,49.8499471971721,10.3264387385026
2023,48.6703230550596,12.1941536448423,48.5787423369892,8.70222853356052,48.4110417554487,10.1737459663397,48.4252200305727,9.87660789778533,48.6856288058846,9.74091003099662,48.5986753852281,10.12072852058,49.2990917512169,10.0727976539829,49.7970167245754,10.3235948877522
2024,48.6891974721857,12.1758409493436,48.5799696367898,8.69545009906578,48.4165283632491,10.1540928471669,48.4290011597032,9.86443697606486,48.6913867502085,9.7243565315787,48.6090854449715,10.1008941358306,49.2949547225305,10.0470788922033,49.800895579856,10.3168960202575
2025,48.6929751942039,12.1563378233321,48.5943071492975,8.70108449045681,48.4207545174052,10.138715865277,48.4319015321899,9.85601994519189,48.6977008609707,9.71797195391802,48.6146534333189,10.0883365587518,49.2863621095664,10.0212770800818,49.8104527554964,10.3122956068652
