year,n2_populace_lat,n2_populace_lon,n2_pop_15_64_lat,n2_pop_15_64_lon,n2_zamestnanost_lat,n2_zamestnanost_lon,n2_hdp_eur_lat,n2_hdp_eur_lon,n2_hdp_pps_lat,n2_hdp_pps_lon,n2_plocha_lat,n2_plocha_lon,n2_k_demograficky_lat,n2_k_demograficky_lon,n2_k_ekonomicky_lat,n2_k_ekonomicky_lon,n2_k_vyvazeny_lat,n2_k_vyvazeny_lon,n2_k_vyvazeny_geom_lat,n2_k_vyvazeny_geom_lon,n2_k_entropie_lat,n2_k_entropie_lon,n2_k_pca_lat,n2_k_pca_lon,n2_populace_median_lat,n2_populace_median_lon,n3_populace_lat,n3_populace_lon,n3_pop_15_64_lat,n3_pop_15_64_lon,n3_zamestnanost_lat,n3_zamestnanost_lon,n3_hdp_eur_lat,n3_hdp_eur_lon,n3_hdp_pps_lat,n3_hdp_pps_lon,n3_plocha_lat,n3_plocha_lon,n3_k_demograficky_lat,n3_k_demograficky_lon,n3_k_ekonomicky_lat,n3_k_ekonomicky_lon,n3_k_vyvazeny_lat,n3_k_vyvazeny_lon,n3_k_vyvazeny_geom_lat,n3_k_vyvazeny_geom_lon,n3_k_entropie_lat,n3_k_entropie_lon,n3_k_pca_lat,n3_k_pca_lon,n3_populace_median_lat,n3_populace_median_lon
2000,48.2750217198313,5.63726826775837,48.2319077244813,5.68302784841719,48.6290181043878,5.56797917782003,49.3222234201522,5.62999542898558,48.7325990710005,5.81411060415354,50.684400433136,6.98587100055372,48.2534671757122,5.66015750861854,48.9375437689609,5.66674838465551,48.5956806338104,5.66343232262115,48.6220511477853,5.66805708023722,48.7016825406358,5.67197173113218,48.6325167233299,5.66632597283499,49.2346491668769,5.71514948973088,48.2500431270024,5.61348138022436,48.20474249285,5.65721307269873,48.6102728348044,5.54271961327673,49.3068976421919,5.60457269147299,48.7176174737894,5.78438152835652,50.6686791784991,6.9872380000083,48.2273951349223,5.63535666030838,48.9212976688473,5.64007552089472,48.5745281036154,5.63770113458081,48.5990994705908,5.63679443800766,48.6802460130597,5.64616992155638,48.6128411793856,5.64027732473734,49.2616072098491,5.70209088221374
2001,48.2718709986806,5.62678022845062,48.2340139138869,5.66295451871807,48.5980415349469,5.53322651268728,49.24282562602,5.60887146224388,48.7040440553694,5.76777114434322,50.684400433136,6.98587100055372,48.2529440733974,5.64487387908196,48.8879078512725,5.63390608496731,48.5705839697002,5.63942168674288,48.5951060074782,5.64335006172857,48.6692872715711,5.64460039616227,48.6049223018317,5.63965107679168,49.2319058911364,5.70110270767569,48.247540359959,5.60225765590932,48.2077712845566,5.63660059626426,48.5791988606657,5.50719736821412,49.226952352849,5.58260998028371,48.6887534600395,5.7375336098707,50.6686791784991,6.9872380000083,48.2276573524398,5.61943558033775,48.8713207684918,5.60651548796291,48.549653006044,5.61301333310136,48.5721634855459,5.61121654865056,48.6480559019845,5.61780221547282,48.5853293746099,5.6129073992346,49.2593669920578,5.6869849637903
2002,48.2678761212625,5.61272068049811,48.2374539888147,5.63617552882596,48.5616697994271,5.52133549921104,49.2108139758516,5.56864702038114,48.6827823068676,5.71153502495903,50.684400433136,6.98587100055372,48.2526657769532,5.6244514964002,48.8577977848502,5.59739529172552,48.555372163146,5.61099805777631,48.5774979943847,5.61529846034638,48.6497462810755,5.61240990392118,48.586839864017,5.61004132772425,49.2282361389837,5.68615390723144,48.2435218585332,5.58767759983539,48.212283817409,5.60846353100182,48.5424983741237,5.49569202757014,49.1943026355811,5.54220607605628,48.6669556087378,5.68135071172576,50.6686791784991,6.9872380000083,48.2279034442745,5.59807364541855,48.8406962354238,5.57006640907467,48.5344458226683,5.5841481406404,48.5545644440024,5.5828027974833,48.6281611446889,5.58532694425643,48.5671271455152,5.58297044861007,49.256146712773,5.67037495895008
2003,48.2537218007319,5.5908742223705,48.2258780434407,5.60462486816235,48.5211746803945,5.4926525548664,49.1196959771993,5.62397628937535,48.6806593081374,5.68900209042781,50.684400433136,6.98587100055372,48.2398002748887,5.59775134330371,48.8085486232946,5.60393328056903,48.5242950635419,5.60082626736562,48.5440702386142,5.60430549272366,48.6146098355136,5.60690721382964,48.5554205151995,5.59927004646557,49.2138176706375,5.66518280098517,48.2292765222147,5.56593551092745,48.2006113477086,5.5771337804976,48.5016707643972,5.46704517130687,49.1030409379314,5.59762981852575,48.6641973474479,5.66020609353288,50.6686791784991,6.9872380000083,48.2149442318023,5.57153615019202,48.7910993071269,5.57707166912195,48.5031474327182,5.57428938561972,48.520655190213,5.57188918766723,48.5931647492938,5.57962677232633,48.535405666302,5.57259020048815,49.24194967334,5.64905570881201
2004,48.7482957832408,7.68762250707138,48.7409231359898,7.76549941235447,48.8918033972726,7.35127338264218,49.1804842418875,6.17338972808009,48.9163938573218,6.79632675976593,51.0012712211445,9.40596854675923,48.7446160639449,7.72656333966334,49.0157554196473,6.71461539409928,48.8813619924648,7.22170172381091,48.8397911247906,7.06595934825001,48.9225626268317,7.05316886950983,48.8947004544811,7.16568706336036,49.4582387454181,7.69996875341556,48.728906798872,7.66401080825923,48.721107163575,7.73984030071112,48.8758818580795,7.32626955599531,49.1647778675111,6.14725773628232,48.9020494750997,6.76792586057851,50.9882158878329,9.40593744774723,48.7250132519608,7.70192799594568,49.0003959231072,6.68813452936846,48.8638878789792,7.19615958622709,48.818224185693,7.03247045129495,48.9048241785524,7.03011591447262,48.8779096942297,7.13920269976036,49.4591191220041,7.64418718155797
2005,48.7318923558363,7.65734935647793,48.7254907376103,7.73065575754246,48.871773546425,7.31684915343554,49.1731193081359,6.1503772371448,48.8854594402869,6.7328297048037,51.0012712211445,9.40596854675923,48.7286974216115,7.6940041740448,48.9974942621159,6.67606625931157,48.8642818431809,7.18615233268755,48.8270129234113,7.04594185698804,48.9046219834127,7.01557576669157,48.876541521373,7.12834837730828,49.4447581266491,7.66824004114313,48.7123248396871,7.63380392485566,48.7054961034032,7.70517045029846,48.8558814281164,7.29188128333036,49.1575425255489,6.12451354669853,48.8714474144179,6.70409837379716,50.9882158878329,9.40593744774723,48.7089160506186,7.66948887963958,48.9822949298908,6.64960425469757,48.8467988002654,7.16068157713505,48.8053551817006,7.01229625889099,48.8867539384137,6.99228053033031,48.8597773044658,7.10190466121206,49.4448006785813,7.61526335379834
2006,48.7184695749196,7.62529199363526,48.7182058442683,7.69771195002634,48.8545894582188,7.31407281692585,49.1701369050832,6.15315051668166,48.8472231612299,6.72413995089876,51.0012712211445,9.40596854675923,48.7183433857854,7.66150116394534,48.9796665409776,6.67379617824364,48.8501196393858,7.16871027760822,48.8154203487742,7.03678134066702,48.8884414409147,7.00273792400771,48.8604961438214,7.1135233617962,49.4341537808962,7.63317428124311,48.6987610319398,7.60183246938869,48.6980843800859,7.67243569515327,48.838561360598,7.28945167000576,49.1545500294589,6.1276286686669,48.8331251980895,6.69562617327475,50.9882158878329,9.40593744774723,48.6984281070729,7.63713340968355,48.9643967541879,6.64764026196539,48.8325338272389,7.14346601710339,48.7934688138016,7.00235603139055,48.8702091385836,6.9798199675966,48.8436292506059,7.08734974695092,49.4336226404562,7.58280035732546
2007,48.5631767446895,8.6801612081744,48.5598743491119,8.76816479303574,48.7040012339737,8.43610861317431,49.1491598775311,6.44878016830729,48.7974471017216,7.24955459769203,50.5830461475359,10.831376422706,48.561533981724,8.72416305284292,48.9131616722412,7.28758242836654,48.7396850522491,8.00795560166658,48.7248926590356,7.78177394071599,48.7942835528624,7.7587915341471,48.754685754495,7.93507106284165,49.2691521444784,8.34100097559171,48.5456039131787,8.65585520897643,48.5420027718136,8.74235105048185,48.6894763134002,8.41155480538425,49.1339749104455,6.42237336397151,48.7841812811147,7.21975829800561,50.5710024959909,10.831206066155,48.5438114997604,8.69910326217685,48.8987585190018,7.26069847583966,48.7236313034431,7.9819996075681,48.7047392116046,7.74542235507398,48.7770034265056,7.73813350144528,48.7393089016458,7.90797326917556,49.2799361696162,8.30852151636737
2008,48.551897925789,8.62480539220981,48.549132680529,8.71308180432268,48.7244477735931,8.45555112344562,49.0574399457955,6.73512752515697,48.7990464414519,7.38641878204384,50.5830461475359,10.831376422706,48.5505237866455,8.66894326739782,48.8823193511498,7.44805369501351,48.7181307098979,8.06015534082548,48.7083869155165,7.86357387586153,48.7701779340823,7.84681192453794,48.7363458022873,7.99852536130696,49.2627271096632,8.29505061795269,48.5342206233444,8.60053372316815,48.5311843960783,8.68733721025743,48.7099929714105,8.43079652965282,49.0430713672288,6.70619237263528,48.7858308879923,7.35558023687256,50.5710024959909,10.831206066155,48.5327107209022,8.64393521383333,48.8682836362143,7.4197958890379,48.7022182201209,8.03354104713238,48.6890536638599,7.82691394497981,48.7540642687427,7.824523364038,48.7211131341314,7.97088121716795,49.269987347435,8.2647265752051
2009,48.5448004898724,8.59139796558253,48.5438727345582,8.68701879955482,48.7548627831818,8.50644733248828,48.9371707516864,6.76052320265803,48.7738962228521,7.43067117763575,50.5830461475359,10.831376422706,48.5443465262524,8.6392071272029,48.8358114157855,7.48590835237125,48.6916080291089,8.06387000116299,48.6795875590855,7.85623156263475,48.7369357519866,7.86151850223879,48.7119566454827,8.01021175341527,49.2575008994975,8.26433190124983,48.5271445711226,8.5671594637369,48.5260006237791,8.66132620834341,48.7407805805873,8.48157615889907,48.9236371734982,6.73042993352066,48.7613805933971,7.39947492033996,50.5710024959909,10.831206066155,48.5265822178305,8.61424165811208,48.8224335464421,7.45704848625779,48.6760499064585,8.03697909874885,48.6604553969484,7.81862759292156,48.7223365500392,7.83959226837505,48.6971101874655,7.9823426653047,49.2625116645605,8.23504664178912
2010,48.5419736367851,8.5640509023132,48.5418584034263,8.6657590494459,48.7703508758171,8.45568480108826,49.0584800876402,6.78383459463918,48.8644626030184,7.44909532894955,50.5830461475359,10.831376422706,48.5419272201544,8.6149032406957,48.9159883974598,7.48613606487294,48.7304596056754,8.0522456313233,48.7215190995254,7.85231363080081,48.7904233856774,7.8552820589776,48.7555330179245,7.99883746310414,49.2569199251582,8.23420096182072,48.5243378525924,8.5397845460415,48.5240344027073,8.64002906002312,48.7562355850293,8.43096094570983,49.0449245422025,6.7530245371306,48.8521333114205,7.41683530075639,50.5710024959909,10.831206066155,48.5241970119981,8.58990514680774,48.9026495940551,7.45671674352328,48.7149398208782,8.02506021310181,48.7022964612885,7.81563261232416,48.7756546656684,7.83261866370414,48.7407841361058,7.97064065491518,49.2597765805726,8.20648547400911
2011,48.5349180804409,8.53640823766248,48.5359721980567,8.64549407867599,48.8172760859865,8.45754163350234,49.135999537932,6.84821520962535,48.9272741038061,7.53014757929844,50.5830461475359,10.831376422706,48.5354580047854,8.59094890103808,48.9797698768153,7.53690509482651,48.7589754921231,8.06587813382489,48.7534133736736,7.87334978211716,48.8304434834203,7.88284804876498,48.7899418654111,8.01855358047647,49.2480912750746,8.19560015527318,48.5172841229384,8.51204494649115,48.5181879550541,8.61971275066332,48.8031798899653,8.43258694931777,49.122713664552,6.81771043852251,48.9153586440288,7.49821215444285,50.5710024959909,10.831206066155,48.5177485747628,8.56587666236007,48.9666668591233,7.50763737543175,48.7435835655783,8.03873190278249,48.7346459110768,7.83611740282377,48.8160902730751,7.8604581914021,48.7754015288216,7.99045585439298,49.2484694291617,8.16796398264633
2012,48.5368530342626,8.51311635442968,48.5383917216785,8.62998180960889,48.8767472735792,8.50090313479804,49.2690318248986,6.76387779750706,48.9872034089333,7.54637235955562,50.5830461475359,10.831376422706,48.5376371412285,8.57154657181116,49.0691401665654,7.52161873086132,48.804781492058,8.04896748663157,48.8020472152593,7.86295705246271,48.8894892501394,7.8669807282592,48.8408558875564,8.00756034608873,49.2510253517813,8.17150867570047,48.5195427737357,8.48843077438175,48.5211006260057,8.60411349722086,48.8628703205421,8.47597604375783,49.2554715368402,6.7341360454418,48.9751303182342,7.51473070476866,50.5710024959909,10.831206066155,48.5203361655967,8.54626959535623,49.0559449787374,7.49274820650778,48.7895470600816,8.02191439979559,48.7834045032628,7.82577055064196,48.8750560979838,7.84599943261323,48.8265180390546,7.97960947153297,49.2509884782759,8.14390488374708
2013,48.5204296728089,8.56575815876611,NaN,NaN,48.89680405863,8.55906662033118,49.2927783489652,6.81469135695344,49.0054171023906,7.53855195982004,50.5124327719186,10.9123759569032,NaN,NaN,49.0901375510894,7.55705216693313,NaN,NaN,NaN,NaN,NaN,NaN,NaN,NaN,49.2093574138769,8.2626792143222,48.5030183038245,8.54238895015332,NaN,NaN,48.8833438642296,8.5349002141848,49.2798377977132,6.78507296723577,48.9941006841589,7.50747606226649,50.5006966438202,10.9121978125085,NaN,NaN,49.0775445574667,7.52863112885219,NaN,NaN,NaN,NaN,NaN,NaN,NaN,NaN,49.2159841320681,8.22368957686192
2014,48.5309991656086,8.54816474042698,48.5324890445409,8.6728684312992,48.9016976418548,8.55296847064909,49.358452382349,6.72020579489929,49.0343069179948,7.53257778312979,50.5124327719186,10.9123759569032,48.5317609249716,8.61051442288934,49.1267995400072,7.51612123702249,48.8307992115,8.06615475047956,48.8314899728868,7.88728427422915,48.9257483027178,7.87581501867323,48.8705308185584,8.0234443709482,49.2162450357841,8.24016795555495,48.5145239413451,8.52410928425167,48.5165158240043,8.64826205800044,48.8882624204407,8.52867351591282,49.3449092350018,6.69177330875769,49.0227275532462,7.50209851083537,50.5006966438202,10.9121978125085,48.5155365493439,8.5861831505791,49.1138911632719,7.48830873514786,48.816247510156,8.04009903993827,48.8135044610417,7.84959988747341,48.9117397710135,7.85626394088017,48.8568693620222,7.99646369497872,49.2249395254108,8.19979697924541
2015,48.5438214010259,8.5298632009269,48.5439153084613,8.64898277099885,48.9084057571493,8.50517703354868,49.4437172971936,6.52600019428361,49.0637205098111,7.46815251620198,50.5124327719186,10.9123759569032,48.5438837139211,8.58942184235482,49.1721849705953,7.40555420613394,48.8597772249636,8.00077371686463,48.8583316906201,7.83290966564274,48.9599549272772,7.79694471234232,48.8994185452824,7.9557555389203,49.2297124005921,8.2177313895726,48.5273274392937,8.50570993494592,48.5279161752016,8.62424346813628,48.8946346510717,8.48107940479622,49.431790829492,6.50312132041441,49.0539245029848,7.44194429893611,50.5006966438202,10.9121978125085,48.5276370119324,8.56497521790511,49.160343890419,7.38130612593752,48.8457405098159,7.97643881170981,48.8406737544725,7.79715619924895,48.946181227971,7.78055416039074,48.8863538595527,7.93061950964336,49.2369155107332,8.18053520183886
2016,48.5597463089621,8.50810233317659,48.5570294729535,8.61741471405646,48.8987033203487,8.48525884968964,49.3781060640011,6.673010259724,49.0353671841427,7.50650400412699,50.5124327719186,10.9123759569032,48.5584008471466,8.5627591038079,49.1340334168349,7.46924835429506,48.8477133792755,8.0187594894852,48.8464207883255,7.85233808908026,48.9394386603397,7.82968320969414,48.8844856501109,7.97603170260095,49.2494846052776,8.19464554545889,48.543206470812,8.48394522211273,48.5409546781728,8.59262286565109,48.8851255823701,8.46120907563488,49.3662770942913,6.64860504254734,49.0252275237853,7.47942059044274,50.5006966438202,10.9121978125085,48.5420933790801,8.53828432007071,49.1221903639595,7.4441449759208,48.8336464896444,7.99398496462216,48.8285019789824,7.81600332461591,48.9257704263996,7.8118693460086,48.8713461357326,7.95048712818839,49.2548387296973,8.16185634576181
2017,48.571273092409,8.48652481824183,48.5643734466937,8.58420651409359,48.8900231122517,8.47005489620534,49.357911020467,6.78191184730893,49.0437739481286,7.53543495938137,50.5124327719186,10.9123759569032,48.5678336535854,8.53536820161873,49.1255443473311,7.51668084098582,48.8480010166303,8.02851347647464,48.847930137717,7.87696069634047,48.9375495943381,7.85163441165815,48.8839624416735,7.98824595727583,49.2627189159944,8.17086520972258,48.5547335514497,8.46238481767292,48.5482779450956,8.55941347207353,48.8765067645623,8.445592167164,49.3440780936837,6.75312091094926,49.0314878722123,7.5049712548711,50.5006966438202,10.9121978125085,48.5515159947559,8.51090140390862,49.1122830939068,7.48868017615998,48.8332249661926,8.00229430698929,48.8292926071803,7.84124214042517,48.9229612640355,7.8312831850302,48.8700024193232,7.96114302726368,49.2661663474845,8.14162516303142
2018,48.5804647314852,8.46267150514298,48.5682475556131,8.5487227519772,48.883689068399,8.45539520576143,49.3545925429328,6.80112895535588,49.0569856005359,7.58541346256606,50.5124327719186,10.9123759569032,48.5743642573957,8.50570162805206,49.1262022529446,7.53495045403871,48.8514857254689,8.02267754457157,48.8528442676215,7.88511380153362,48.9407006024639,7.8552561880338,48.8871435258605,7.98696596859197,49.2738844867308,8.14554970454055,48.5639277397771,8.43845727082552,48.552147088762,8.52380930843688,48.8700248524482,8.43050396204179,49.3406079113206,6.77183208380454,49.0447790683548,7.55433065975426,50.5006966438202,10.9121978125085,48.5580454008377,8.48113752619585,49.1128595286294,7.50643322031938,48.8366686786291,7.99615185543822,48.8341248167462,7.84978107852541,48.9260660791376,7.83475265229199,48.8731270751222,7.95953902061292,49.2753504428878,8.1192385144602
2019,48.5864729144517,8.43599042143691,48.56899348425,8.50748316224696,48.8797723974348,8.43430273037547,49.3737154812561,6.80111205423004,49.0402236850598,7.61783483693278,50.5124327719186,10.9123759569032,48.5777388832213,8.47174235081893,49.1276093017919,7.53847805636449,48.8537933182611,8.00737114649564,48.8557101616051,7.8804986346364,48.9420319299019,7.84747846042113,48.8878605325471,7.97551826448518,49.2821328739568,8.11912894398565,48.5699174635777,8.41177230359861,48.5528403087308,8.48256087702331,48.866027605149,8.40948089913729,49.3601329222641,6.77262583013998,49.0287181911009,7.58683494003886,50.5006966438202,10.9121978125085,48.561384466077,8.44717191877626,49.1146115727331,7.51033149801846,48.8391299087694,7.98102842692802,48.8370777483379,7.84519277630071,48.9273282830982,7.8274413445437,48.8740271002849,7.94829400146906,49.2815249267815,8.09504542838025
2020,47.8904999799693,9.77599167939089,47.8730380114123,9.81893121400856,48.2299922486718,9.89833290739062,48.8460300615979,8.25455510599854,48.5625397696927,9.04492225033942,50.254208862244,11.6577865366365,47.881771140776,9.79746471116176,48.5783350498852,8.98783610125751,48.2309819684398,9.39515173263142,48.2192787099936,9.29674307501028,48.3471639226511,9.25393860891936,48.2775075246497,9.37535049664822,48.6482495352956,9.61290983652288,47.8773779502079,9.74354288575198,47.8604819879947,9.78586855503146,48.2205574611865,9.86433061914791,48.8367857340172,8.21543115159121,48.5552293694391,9.00466669788492,50.2406350667084,11.660032618592,47.8689320623866,9.76470879700468,48.5696293197888,8.94990853067812,48.2202264957451,9.35983380940483,48.2003793031681,9.26014700065555,48.3369402667855,9.22547795163602,48.2677485803362,9.33917822266732,48.6431263462896,9.54324494247529
2021,47.8884216073001,9.73419216734981,47.8656138696902,9.7541616403057,48.2178760952361,9.87449787516977,48.837053817617,8.25127626207754,48.5240147657407,9.01077056809058,50.254208862244,11.6577865366365,47.8770183888455,9.74417891098821,48.5594971282238,8.9691189764814,48.2191103972002,9.35900322793804,48.2056320775371,9.27301532682974,48.3321335621688,9.22276863065619,48.2635252869153,9.34145143060565,48.6482407228067,9.57057465080746,47.8753464775533,9.70168466205538,47.8531756346065,9.72096698018596,48.2084221427397,9.84110931231235,48.8274058057302,8.20989976617067,48.5160324584478,8.96880350294428,50.2406350667084,11.660032618592,47.8642616839442,9.71132768786431,48.5504288793152,8.92996534396121,48.2082156022933,9.32302626061556,48.1859270423633,9.23775150804209,48.3214442039093,9.19340061969285,48.2535771564058,9.30462253419288,48.6444801753205,9.49553945385959
2022,47.8935403667314,9.70488377834202,47.8666186788011,9.71113127518617,48.2085234793846,9.82548744497572,48.8210724811786,8.27515978841721,48.4734511809971,8.95867233825021,50.254208862244,11.6577865366365,47.8800798470119,9.7080082729844,48.5349500991118,8.9481695170369,48.20831968857,9.33031037508951,48.1933130560083,9.25841494503959,48.3156353580863,9.19566090887989,48.2494357659274,9.31069201633617,48.655250614465,9.54333185730199,47.8804870055037,9.67221520549778,47.8542584510355,9.6777223963706,48.1988182078016,9.79197446723769,48.8103661974476,8.2326473512534,48.4641817770612,8.91536012062996,50.2406350667084,11.660032618592,47.867373051172,9.67496943677442,48.5249984505954,8.90811824121742,48.1970083113938,9.29378878997719,48.1730009344768,9.22082178461875,48.3040667978864,9.16494120459083,48.2389761875844,9.27327577094222,48.6512894338458,9.46487993238142
2023,47.8925371645222,9.67499771334436,47.8629824268504,9.67065189865137,48.1827078188853,9.77438371295122,48.7348006532587,8.32813474923867,48.3842575359568,8.92073961502635,50.254208862244,11.6577865366365,47.8777601456373,9.67282423469334,48.4656984795598,8.94212579181761,48.1724673162615,9.30937169411417,48.1627272409484,9.24259477709094,48.267598196834,9.17878745864778,48.2085043567184,9.28796095010074,48.6545095306566,9.52194589021923,47.8794043758272,9.64209611813627,47.850551702216,9.6369119282671,48.1727707581006,9.74050347364239,48.7247109583691,8.28769163151813,48.3752816538409,8.87907028336845,50.2406350667084,11.660032618592,47.8649784060022,9.63950336247696,48.4560059144234,8.90328332514813,48.1612449338589,9.27330822251222,48.1418684245137,9.20488537764713,48.2560865505161,9.14798786868425,48.1980915264802,9.25109163053687,48.6518733568047,9.44139087889622
2024,47.8888318623747,9.64316651374464,47.8581286747183,9.6328805014667,48.1485076607111,9.74520452406081,48.7331167324838,8.34117222290859,48.3835374652828,8.91506597481753,50.254208862244,11.6577865366365,47.8734807680558,9.63802211283825,48.45446062251,8.93698805422806,48.1646518866795,9.28931117685285,48.1545234208775,9.23253785269802,48.2594298037267,9.1638183345401,48.1991415525094,9.26933268135184,48.652736939153,9.49685153645096,47.8756447820834,9.61016294145955,47.8456444673381,9.59897710684884,48.1399870794974,9.710847100574,48.7217157607416,8.30020341295328,48.3733210817909,8.8724219640852,50.2406350667084,11.660032618592,47.860645152824,9.60456855215998,48.4442959410582,8.89748682621991,48.1531675868616,9.25285059724012,48.1339957981249,9.19281677242006,48.2472938592821,9.1323790482475,48.1884836351171,9.23202360173285,48.6518597990187,9.41387534605352
2025,47.8827757264383,9.61270629133352,47.8506956675488,9.60046165216389,48.1173334417649,9.67467553287567,48.7506056005526,8.37452730871194,48.3971607285512,8.91486722557675,50.254208862244,11.6577865366365,47.8667363323735,9.60658225749864,48.4559900307865,8.92915428870305,48.1620068232596,9.26964573419759,48.1523931730483,9.21901290835904,48.2590843984706,9.14916629258439,48.1959299564341,9.24849199046631,48.6477744704389,9.47410350721377,47.8695029101544,9.57966105545355,47.8381529001908,9.56645966603511,48.1086734353515,9.64023591025778,48.7391919917214,8.33400571351048,48.3869968660209,8.87249397060937,50.2406350667084,11.660032618592,47.8538285724251,9.5730585667589,48.4457924752588,8.88989097615708,48.1504692890739,9.23326863624421,48.1319045511172,9.17919849853146,48.246639287648,9.11723628493446,48.185214069244,9.21127708385074,48.6501248932395,9.39016472950514
