metric,last_year,lat_2000,lon_2000,lat_last,lon_last,shift_km,bearing_deg
states,2025,50.3704946832049,6.6616493715982,49.182018573492,14.1469677315788,553.239278722546,100.934517234282
area,2025,50.6645648099142,6.89707312101474,50.2475574830331,11.5533968397813,332.829833256143,96.2068697046015
population,2025,48.4827321032259,5.57008520958379,47.9479891682693,9.57817970251127,302.827146182616,99.8231179739207
ep_seats,2025,48.7646161548935,5.67851881648211,48.3951447668559,11.0392757585546,396.408137217868,93.932568111859
gdp_eur,2025,49.5444396509422,5.65515040967888,48.7833545843381,8.44298646411554,219.643317372098,111.601632504427
gdp_pps,2025,48.8645151720433,5.85123886287692,48.4045852332886,8.95739243535125,233.894185342217,101.46021910238
military,2024,49.4680207849203,5.09201775264751,49.1980075634251,9.9303856982013,351.817024535555,93.0563836479529
debt,2025,48.2460351757171,7.18227972380013,47.1908812401383,7.89142133879207,128.762352725018,155.406780703984
council_votes,2025,48.9969811568273,5.91772495636053,47.9479891682693,9.57817970251127,293.938897024378,111.998678821576
