year,staty_lat,staty_lon,plocha_lat,plocha_lon,populace_lat,populace_lon,ep_lat,ep_lon,hdp_eur_lat,hdp_eur_lon,hdp_pps_lat,hdp_pps_lon,rada_hlasy_lat,rada_hlasy_lon,rada_sila_lat,rada_sila_lon
2000,50.3704946832049,6.6616493715982,50.6645648099142,6.89707312101474,48.4827321032259,5.57008520958379,48.7646161548935,5.67851881648211,49.5444396509422,5.65515040967888,48.8645151720433,5.85123886287692,48.9969811568273,5.91772495636053,49.0959777147885,5.96808696945048
2001,50.3704946832049,6.6616493715982,50.6645648099142,6.89707312101474,48.4807717050516,5.55805976576804,48.7646161548935,5.67851881648211,49.4568875348702,5.63112569625112,48.8413005223059,5.79690210779326,48.9969811568273,5.91772495636053,49.0245525788426,5.9309996143619
2002,50.3704946832049,6.6616493715982,50.6645648099142,6.89707312101474,48.477448617435,5.54230136837732,48.7646161548935,5.67851881648211,49.4254814747783,5.58433191314326,48.8234944274587,5.73122052049911,48.9969811568273,5.91772495636053,49.0403949548295,5.91285834414334
2003,50.3704946832049,6.6616493715982,50.6645648099142,6.89707312101474,48.4634679375433,5.51607848507909,48.7646161548935,5.67851881648211,49.3204295467422,5.64028348787023,48.831646814519,5.70641293426253,48.9969811568273,5.91772495636053,49.0329698166844,5.95675583026794
2004,49.9220910512379,12.5074489576592,50.9843528165263,9.3262582799675,48.9526189088095,7.62655411742825,49.233153938928,8.84168739436292,49.3835055447815,6.18445170700062,49.078449850565,6.81501160410198,49.2210782854414,9.29021993528025,49.3149378490155,9.40375598839219
2005,49.9220910512379,12.5074489576592,50.9843528165263,9.3262582799675,48.9362654086248,7.59355341029749,49.233153938928,8.84168739436292,49.376720167132,6.15056208089777,49.041963954515,6.74340666418898,49.2210782854414,9.29021993528025,49.270779688715,9.48930687749555
2006,49.9220910512379,12.5074489576592,50.9843528165263,9.3262582799675,48.9237563298728,7.55846719204205,49.233153938928,8.84168739436292,49.382578168508,6.14428872027701,49.0090658418379,6.72586219148775,49.2210782854414,9.29021993528025,49.2846954701418,9.4475734803569
2007,49.5559125514639,13.5439676316603,50.5768094192805,10.7474750104894,48.7670478975246,8.60504734046818,49.0125019672858,10.0233308966273,49.3634624167126,6.4367916724649,48.9613443581843,7.25117280002996,48.9730937934746,10.4819018490938,48.9756368523142,10.755992247961
2008,49.5559125514639,13.5439676316603,50.5768094192805,10.7474750104894,48.7562398022928,8.54722688214698,49.0125019672858,10.0233308966273,49.2373514986701,6.73471006258536,48.9577676680829,7.38922093932453,48.9730937934746,10.4819018490938,49.0603599478183,10.8220214435488
2009,49.5559125514639,13.5439676316603,50.5768094192805,10.7474750104894,48.7493236700163,8.51245738154123,49.0310564710858,10.0808389614595,49.0940538737051,6.76297502319565,48.9292062147516,7.42915330911015,48.9730937934746,10.4819018490938,49.0671495745794,10.8282757702378
2010,49.5559125514639,13.5439676316603,50.5768094192805,10.7474750104894,48.7475893740309,8.48473850147366,49.0310564710858,10.0808389614595,49.2351846474097,6.78878166239623,49.0245593166624,7.45650833806915,48.9730937934746,10.4819018490938,49.0148009312101,10.7334410774612
2011,49.5559125514639,13.5439676316603,50.5768094192805,10.7474750104894,48.741567204345,8.45440292630988,49.0310564710858,10.0808389614595,49.3234859313032,6.86419336281221,49.091821798505,7.54955216578717,48.9730937934746,10.4819018490938,49.0137377540961,10.8111744567827
2012,49.5559125514639,13.5439676316603,50.5768094192805,10.7474750104894,48.7461537302041,8.43160401528245,49.0310564710858,10.0808389614595,49.4800946604431,6.77409614826849,49.1598885538238,7.56423260851016,48.9730937934746,10.4819018490938,48.9862432081184,10.7036693578805
2013,49.3941313913945,13.609144446655,50.5059970560065,10.8122898256555,48.7274614249661,8.47702049966659,48.9689012299217,10.1701217413387,49.5033157800182,6.82465016251711,49.1776204082889,7.547099730216,48.8967454933547,10.5839011715534,48.9383796241097,10.9867440341796
2014,49.3941313913945,13.609144446655,50.5059970560065,10.8122898256555,48.7406138238483,8.4599831059189,48.9470822077867,10.0619894942519,49.5832674696328,6.72587174617127,49.2135173894676,7.53948950245623,48.7406138238483,8.4599831059189,49.110950798779,10.9390214734809
2015,49.3941313913945,13.609144446655,50.5059970560065,10.8122898256555,48.7563545669038,8.4420600301232,48.9470822077867,10.0619894942519,49.6965690463565,6.52162106690705,49.253813653007,7.47326128105928,48.7563545669038,8.4420600301232,49.0827283081941,10.9819144077769
2016,49.3941313913945,13.609144446655,50.5059970560065,10.8122898256555,48.7752760004997,8.42143410953755,48.9470822077867,10.0619894942519,49.6125698139651,6.67806635482849,49.2198488924157,7.51329765900468,48.7752760004997,8.42143410953755,49.1339162697441,10.9742863696396
2017,49.3941313913945,13.609144446655,50.5059970560065,10.8122898256555,48.7893416682067,8.39942907971495,48.9470822077867,10.0619894942519,49.5834968351932,6.79213742348196,49.229857600316,7.53981278355462,48.7893416682067,8.39942907971495,49.1113096347097,10.9287788274576
2018,49.3941313913945,13.609144446655,50.5059970560065,10.8122898256555,48.8008099562641,8.37478032812812,48.9470822077867,10.0619894942519,49.5752102080183,6.81054946275425,49.2412739167402,7.59021277571583,48.8008099562641,8.37478032812812,49.1437538282316,10.9834104745613
2019,49.3941313913945,13.609144446655,50.5059970560065,10.8122898256555,48.8086545508512,8.34698840754383,48.9470822077867,10.0619894942519,49.5957007530415,6.8050924459801,49.2192542677572,7.61583649813023,48.8086545508512,8.34698840754383,49.1484552868523,10.9365106922014
2020,49.182018573492,14.1469677315788,50.2475574830331,11.5533968397813,47.9521168613845,9.74596300409603,48.3455962019559,11.0973834366113,48.8914149474768,8.36394812095888,48.5839101107408,9.13344184955827,47.9521168613845,9.74596300409603,48.5392422228288,11.6610928187102
2021,49.182018573492,14.1469677315788,50.2475574830331,11.5533968397813,47.9501463907699,9.70468016335718,48.3455962019559,11.0973834366113,48.885322655001,8.35077647389526,48.5464473807541,9.08708541275679,47.9501463907699,9.70468016335718,48.5237091304677,11.6449585929522
2022,49.182018573492,14.1469677315788,50.2475574830331,11.5533968397813,47.9569727311751,9.67452128736002,48.3455962019559,11.0973834366113,48.8610485858836,8.35904941745909,48.4860419228174,9.01997554535157,47.9569727311751,9.67452128736002,48.5136994326391,11.5884585339218
2023,49.182018573492,14.1469677315788,50.2475574830331,11.5533968397813,47.9566704501187,9.64359968423419,48.3455962019559,11.0973834366113,48.7643979768196,8.41998442066604,48.3922936243518,8.98256530841698,47.9566704501187,9.64359968423419,48.5136058265658,11.5792709737458
2024,49.182018573492,14.1469677315788,50.2475574830331,11.5533968397813,47.9531767976931,9.61056914535352,48.3951447668559,11.0392757585546,48.7652717217906,8.42191823369875,48.3939173653943,8.96713594103795,47.9531767976931,9.61056914535352,48.5231138571009,11.5764244859926
2025,49.182018573492,14.1469677315788,50.2475574830331,11.5533968397813,47.9479891682693,9.57817970251127,48.3951447668559,11.0392757585546,48.7833545843381,8.44298646411554,48.4045852332886,8.95739243535125,47.9479891682693,9.57817970251127,48.5322905929701,11.527729891983
